{"type":"OeBuildPlan","uri":null,"category":null,"eTag":null,"created":null,"modified":null,"buildPlanid":"1105c615-e548-40b7-a0a7-6af408b0b7d0","name":"XenServerMinimumDeployment-DeployBP-HPE-UEFI","description":"Suitable for XenServer only and UEFI based Golden Images. Tested with XenServer 7.6.","status":null,"hpProvided":false,"oeBuildPlanType":"deploy","buildStep":[{"planScriptUri":"/rest/plan-scripts/66f5f3ff-0641-435d-866d-005df6b813e0","serialNumber":"1","parameters":null,"planScriptName":"MountUefiPartition-GeneralPS-HPE-UEFI"},{"planScriptUri":"/rest/plan-scripts/594e30bf-52f5-41be-ac5d-410f269a9352","serialNumber":"2","parameters":null,"planScriptName":"PrepareForDeployment-DeployPS-HPE-UEFI"},{"planScriptUri":"/rest/plan-scripts/52df0c44-a676-472d-8a54-df7147ab826f","serialNumber":"3","parameters":null,"planScriptName":"XenConfigureHostnameAndMakeUnique-DeployPS-HPE-UEFI"},{"planScriptUri":"/rest/plan-scripts/acdf3b53-5531-44bb-8da7-f17f72f801d4","serialNumber":"4","parameters":null,"planScriptName":"XenConfigureManagementNetworkNoBond-DeployPS-HPE-UEFI"},{"planScriptUri":"/rest/plan-scripts/f06c02ad-3ef4-4ae7-9117-c87b4a422ee1","serialNumber":"5","parameters":null,"planScriptName":"XenRestoreDisksAndStorageRepos-DeployPS-HPE-UEFI"},{"planScriptUri":"/rest/plan-scripts/bab69db5-9c16-4cb9-b3b1-5ad0f06d866b","serialNumber":"6","parameters":null,"planScriptName":"FinalizeDeployment-DeployPS-HPE-UEFI"},{"planScriptUri":"/rest/plan-scripts/417470fe-590b-4c86-b331-8cabb35b2a7e","serialNumber":"7","parameters":null,"planScriptName":"Unmount-GeneralPS-HPE-LegacyUefi"}],"customAttributes":[{"name":"OS_Type","description":"","value":"xenenterprise","constraints":"{\"regex\":\"\",\"helpText\":\"\"}","type":"string"},{"name":"ManagementNIC1","description":"","value":"","constraints":"{\"ipv4static\":true,\"ipv4dhcp\":true,\"ipv4disable\":true,\"parameters\":[\"dns1\",\"dns2\",\"domain\",\"gateway\",\"ipaddress\",\"mac\",\"netmask\"],\"options\":[null]}","type":"nic"},{"name":"HostName","description":"","value":"xenserver-fdz","constraints":"{\"regex\":\"\",\"helpText\":\"\"}","type":"string"}],"dependentArtifacts":null}