{"type":"PlanScript","uri":null,"category":null,"eTag":null,"created":null,"modified":null,"id":"52df0c44-a676-472d-8a54-df7147ab826f","name":"XenConfigureHostnameAndMakeUnique-DeployPS-HPE-UEFI","description":"Hostname configuration of XenServer as well as new UUID and certificate generation. UEFI deployment paradigm.\n\nNOTE: Not suitable for Linux distros. It contains xe commands.","status":null,"state":null,"planType":"deploy","content":"# ############################################\n# XenConfigureHostnameAndMakeUnique-DeployPS-HPE-UEFI\n# Version: 0.1\n# ############################################\n\n# (c) Copyright 2017 Hewlett Packard Enterprise Development LP\n#\n# Licensed under the Apache License, Version 2.0 (the \"License\");\n# you may not use this file except in compliance with the License.\n# You may obtain a copy of the License at http://www.apache.org/licenses/LICENSE-2.0\n#\n# Unless required by applicable law or agreed to in writing, software distributed\n# under the License is distributed on an \"AS IS\" BASIS, WITHOUT WARRANTIES OR\n# CONDITIONS OF ANY KIND, either express or implied. See the License for the\n# specific language governing permissions and limitations under the License.\n\n# The output of the following 4 guestfish echo commands goes\n# to the OS-Volume Activity log.\necho \"=======================================\"\necho \"XenConfigureHostnameAndMakeUnique-DeployPS-HPE-UEFI\"\necho \"=======================================\"\n\necho \"\\t Create /EFI/HPE/isdeploy/scripts/1-XenConfigureHostnameAndMakeUnique.bash\" \n# The following script must run before any network configuration since it performs a network reset.\n\nupload -<<END /EFI/HPE/isdeploy/scripts/1-XenConfigureHostnameAndMakeUnique.bash\n#!/bin/bash\n#set -x\n\n# Redirecting logs into caller’s log file\nexec 1> >(logger -s -t $(basename $0)) 2>&1\n\nISDEPLOY=/boot/efi/EFI/HPE/isdeploy\n\necho \"Entering ${ISDEPLOY}/scripts/1-XenConfigureHostnameAndMakeUnique.bash\"\n \necho -e \"\\tPopulate /etc/sysconfig/network and /etc/hostname\"\ncat > /etc/sysconfig/network << __Network__\nNETWORKING=yes\nHOSTNAME=@HostName@\n__Network__\n\ncat > /etc/hostname << __hostname__\n@HostName@\n__hostname__\n\necho -e \"\\tStopping xapi.service \" \nsystemctl stop xapi.service\n\necho -e \"\\tGenerate new uuid for both the host and dom0\"\nsed -i \"/INSTALLATION_UUID/c\\INSTALLATION_UUID='$(uuidgen)'\" /etc/xensource-inventory\nsed -i \"/CONTROL_DOMAIN_UUID/c\\CONTROL_DOMAIN_UUID='$(uuidgen)'\" /etc/xensource-inventory\n\necho -e \"\\tGet rid of the current state db\" \nrm -rf /var/xapi/state.db >/dev/null 2>&1\n\necho -e \"\\tRegenerate self-signed ssl certificate\"\ncert=\"/etc/xensource/xapi-ssl.pem\"\ncert_backup=\"${cert}.`date -u +%Y%m%dT%TZ`\"\nmv -f \"${cert}\" \"${cert_backup}\" >/dev/null 2>&1\n\n# If the following env variables are not set\n# we get an error \"unable to write random state\" !\nexport RNDFILE=\"/root/.rnd\"\nexport HOME=\"/root\"\n\n# To be investigated: With XenServer 7.6 the first invocation of generate_ssl_cert ends up \n# with the error: \"File has been created just now by someone else: cannot overwrite\" !\n# The second invocation exits normally\n/opt/xensource/libexec/generate_ssl_cert \"${cert}\" `hostname -f`\nrm -f /etc/xensource/xapi-ssl.pem\n/opt/xensource/libexec/generate_ssl_cert \"${cert}\" `hostname -f`\n\n\necho -e \"\\tStarting xapi service\"\nsystemctl start xapi.service\n\n\necho -e \"\\tMove this script so after reboot the xe-reset-networking it is not called again\"\nmv ${ISDEPLOY}/scripts/1-XenConfigureHostnameAndMakeUnique.bash ${ISDEPLOY}/tmp/\n\necho -e \"\\tReset networking after UUID changes otherwise xe pif-list shows no interfaces\"\necho yes | /opt/xensource/bin/xe-reset-networking\n\necho \"Exiting 1-XenConfigureHostnameAndMakeUnique.bash\"\necho\nEND","customAttributes":null,"hpProvided":false,"dependentArtifacts":null}