{"type":"PlanScript","uri":null,"category":null,"eTag":null,"created":null,"modified":null,"id":"594e30bf-52f5-41be-ac5d-410f269a9352","name":"PrepareForDeployment-DeployPS-HPE-UEFI","description":"Perform various OS dependent actions\nTested with CentOS 7, SLE 15, XenServer 7.6, Ubuntu 19.04","status":null,"state":null,"planType":"deploy","content":"# ##########################################\n# PrepareForDeployment-DeployPS-HPE-UEFI\n# Version: 0.52\n# ##########################################\n\n# (c) Copyright 2017 Hewlett Packard Enterprise Development LP\n#\n# Licensed under the Apache License, Version 2.0 (the \"License\");\n# you may not use this file except in compliance with the License.\n# You may obtain a copy of the License at http://www.apache.org/licenses/LICENSE-2.0\n#\n# Unless required by applicable law or agreed to in writing, software distributed\n# under the License is distributed on an \"AS IS\" BASIS, WITHOUT WARRANTIES OR\n# CONDITIONS OF ANY KIND, either express or implied. See the License for the\n# specific language governing permissions and limitations under the License.\n\n\n# NOTE: The output of guestfish commands goes to the OS-Volume\n# Activity log file ONLY if the first mount command is successful.\n# If the first mount command fails, you must check the\n# Image Streamer Activity log file to understand why\n# the first mount command failed.\n\n\n\n# The output of the following guestfish echo commands goes \n# into the OS-Volume Activity log file.\necho\necho \"=======================================\"\necho \"PrepareForDeployment-DeployPS-HPE-UEFI\"\necho \"=======================================\"\necho\n\n# Populate OS-Type using custom attribute\n!echo \"@OS_Type:centos@\" > ./OS-Type\nupload ./OS-Type /EFI/HPE/isdeploy/data/OS-Type\n\n# Some OSs like CentOS and XenServer need the\n# bootloader in the /EFI/BOOT directory of the UEFI vfat partition. \n# \n\n# CentOS\n<!if $(grep -q \"centos\" ./OS-Type) ; then echo 'echo \"    CentOS: Copying the bootloader in the /EFI/BOOT directory of the UEFI partition.\"' ; fi\n<!if $(grep -q \"centos\" ./OS-Type) ; then echo \"cp /EFI/centos/grubx64.efi /EFI/BOOT/.\" ; fi\n\n# XenServer\n<!if $(grep -q \"xen\" ./OS-Type) ; then echo 'echo \"    XenServer: Copying the bootloader in the /EFI/BOOT directory of the UEFI partition.\"' ; fi\n<!if $(grep -q \"xen\" ./OS-Type) ; then echo \"-mkdir /EFI/BOOT \" ; echo \"cp /EFI/xenserver/grubx64.efi /EFI/BOOT/bootx64.efi\" ; fi\n\n# In case of XenServer create a bootx64.cfg file. \nupload -<<END /EFI/HPE/isdeploy/tmp/bootx64.cfg-for-XenServer\ndefault=0\ntimeout=2\ntitle Chainloader switch to Xenserver\n root (hd0,0)\n chainloader /EFI/XENSERVER/GRUBX64.EFI\nEND\n\n# If XenServer move the pre-created bootx64-cfg to /boot/EFI/BOOT/bootx64.cfg\n<!if $(grep -q \"xen\" ./OS-Type) ; then echo 'echo \"    XenServer: Moving pre-created bootx64.cfg to /EFI/BOOT/ directory.\"' ; fi\n<!if $(grep -q \"xen\" ./OS-Type) ; then echo \"-mv /EFI/HPE/isdeploy/tmp/bootx64.cfg-for-XenServer /EFI/BOOT/bootx64.cfg\" ; fi\n\n\n# The following guestfish upload command posts a bash script\n# in the UEFI partition. This bash script will be executed during\n# the next reboot of the freshly deployed OS volume, providing its\n# invocation during the initial installation of the OS in an Empty OS volume. \necho \"\\tCreating the HPE-ImageStreamer.bash script to be launched at first reboot\"\nupload -<<END /EFI/HPE/isdeploy/HPE-ImageStreamer.bash\n#!/bin/bash\n# Version: 0.15\n# This script was loaded by HPE Image Streamer\n\n# variable definitions\nDATE=$(which date)\nLS=$(which ls)\nMV=$(which mv)\nCP=$(which cp)\nRM=$(which rm)\nBASENAME=$(which basename)\n\n\nISROOT=\"/boot/efi/EFI/HPE/isdeploy/\"\nLOGFILE=\"${ISROOT}../$(${BASENAME} $0).log\"\n\n\n# prep\necho \"$(${DATE})\" >> ${LOGFILE} 2>&1\ncd $ISROOT >> ${LOGFILE} 2>&1\n\n# process\n# - invoke all executables in sub-directory ./scripts (in lexographic order)\n#       assumes :\n#               all scripts handle their own logging (for later debugging)\n#               are independent/self-contained\n#                       (but can source info from other sub-directories/files)\n#               if script run\n#                       succeeds, then script is moved to ./tmp\n#                       has issues, leave in place (for later debug)\n# - if entire process is\n#       successful\n#               remove top-level ISROOT directory\n#       has errors\n#\n\nRC=0\n\nfor i in $(${LS} scripts/* 2>/dev/null)\ndo\n        # Note: execute status is really a function of the FAT partition mount\n        [ -n ${i} ] && [ -x ${i} ] && {\n\n                echo \"=== ${i} \"\n\n                if ${i};\n                then\n                        ${MV} ${i} ./tmp > /dev/null 2>&1\n                else\n                        RC=1\n                fi\n        } >> ${LOGFILE} 2>&1\ndone\n\nif [ ${RC} -eq 0 ];\nthen\n        {\n                # temp saves\n\n                ${CP} -p $(${BASENAME} $0) ./tmp\n\n                ${RM} -rf ${ISROOT}\n\n        } >> ${LOGFILE} 2>&1\nelse\n        {\n                ${MV} -f $(${BASENAME} $0) ${ISROOT}../\n                echo \"Failures found, please review ${LOGFILE}\"\n        } >> ${LOGFILE} 2>&1\nfi\n\nexit 0\nEND","customAttributes":null,"hpProvided":false,"dependentArtifacts":null}