{"type":"PlanScript","uri":null,"category":null,"eTag":null,"created":null,"modified":null,"id":"8b304ebb-81c5-4823-a75a-c67ac84b1952","name":"LinuxConfigureMultipleNICs-DeployPS-HPE-UEFI","description":"Simple network configuration (no bonds) of pure Linux distros. Not suitable for XenServer","status":null,"state":null,"planType":"deploy","content":"# Plan Script Type: deploy\n\n# Plan Script Description:\n# Configure all the NICs corresponding to the Connections defined in the OneView \n# Profile. The number of NICs to configure corresponds to the number of connected \n# NICs defined in the Server Profile. Restrictions: With this version, it is not \n# possible to configure less NICs than connections present in the Profile. \n# Moreover, the NICs to configure must be in sequence. For example It is not \n# possible to configure NIC1 and NIC3 and not NIC2. NOTE: For a maximum of \n# flexibility, when this Plan Script is included in a Build Plan, make sure, for \n# each NIC, you edit its Build Plan's Custom Attributes and select all the \n# offered possibilities: \"Allow static\", \"Allow DHCP\", \"Allow no network \n# connection\". NOTE: Not suitable for XenServer.\n\n# #############################################\n# LinuxConfigureMultipleNICs-DeployPS-UEFI\n# Version 0.1\n# #############################################\n# (c) Copyright 2017 Hewlett Packard Enterprise Development LP\n#\n# Licensed under the Apache License, Version 2.0 (the \"License\");\n# you may not use this file except in compliance with the License.\n# You may obtain a copy of the License at http://www.apache.org/licenses/LICENSE-2.0\n#\n# Unless required by applicable law or agreed to in writing, software distributed\n# under the License is distributed on an \"AS IS\" BASIS, WITHOUT WARRANTIES OR\n# CONDITIONS OF ANY KIND, either express or implied. See the License for the\n# specific language governing permissions and limitations under the License.\n\n# The following echo commands are performed by the guestfish shell.\n# Their output is present in the OS-Volume Activity log file.\necho\necho \"=======================================\"\necho \"LinuxConfigureMultipleNICs-DeployPS-UEFI\" \necho \"=======================================\"\n\n# The following echo command is performed by the guestfish shell.\n# Its output is present in the OS-Volume Activity log file.\necho \"\\tCreation of the NIC-configure script in the /EFI/HPE/isdeploy/tmp directory\" \n\n# Populate OS-Type using custom attribute\n#!echo \"@OS_Type:centos@\" > ./OS-Type\n#upload ./OS-Type /EFI/HPE/isdeploy/data/OS-Type\n\n# The following command creates a bash script in the OS-Volume.\n# This script will be called at next reboot by the RC file\n# It configures the NICs given its arguments of the command line ($1, $2...).\n\n# The output of the echo commands present in the following script goes\n# in the operating system log file. Typically /var/log/messages.\n# Use the following command to view them once the OS-Volume \n# has been deployed and booted:\n# grep rc.local /var/log/messages\n\nupload -<<END /EFI/HPE/isdeploy/tmp/NIC-configure\n#! /bin/bash\necho \"Entering NIC-configure ...\"\n\nnet_mac=$1\nvlan=$2\nnet_ip=$3\nnet_gw=$4\nnet_domain=$5\ndns1=$6\ndns2=$7\nnetmask=$8\n\nmask2cidr() {\n nbits=0\n IFS=.\n for dec in $1 ; do\n case $dec in\n 255) let nbits+=8;;\n 254) let nbits+=7;;\n 252) let nbits+=6;;\n 248) let nbits+=5;;\n 240) let nbits+=4;;\n 224) let nbits+=3;;\n 192) let nbits+=2;;\n 128) let nbits+=1;;\n 0);;\n *) echo -e \"\\tError: $dec is not recognized\"; exit 1\n esac\n done\n echo \"$nbits\"\n}\n\nISROOT=\"/boot/efi/EFI/HPE/isdeploy\"\n\nOS_Type=$(cat ${ISROOT}/data/OS-Type)\ncase $OS_Type in\n rhel|centos)\n \t#NET_DIR=\"network-scripts\"\n \tRC_FILE=\"rc.local\" \n \techo -e \"\\tChecking presence of NetworkManager...\"\n \tif [[ ! $(systemctl -t service --all | grep NetworkManager.service) ]] ; then\n \t\techo -e \"\\tNetworkManager not installed; Exiting...\"\n \t\texit 2\n \tfi\n\n \tif [[ $(systemctl start NetworkManager.service) ]] ; then\n \t\techo -e “\\tCould not start NetworkManager. Exiting...”\n \t\texit 3\n \tfi\n \t;;\n sles)\n \t#NET_DIR=\"network\"\n \tRC_FILE=\"after.local\" \n \t;;\n ubuntu)\n \t#NET_DIR=\"TBD\"\n \tRC_FILE=\"rc.local\"\n \techo \"Ubuntu: TBD\"\n \t;;\n *)\n \techo \"OS Type not supported. Exiting. \"\n \texit 1\n \t;;\nesac\n\necho -e \"\\tCheck the matching interface name for $net_mac.\"\ninterfaces=$(ls /sys/class/net/)\n#echo \"Found the following NICs:  $interfaces\"\n#echo $interfaces\n\nfor iface in $interfaces\ndo\n\tmac=`cat /sys/class/net/$iface/address`\n\tif [ ${mac,,} == ${net_mac,,} ]\n\tthen\n\t\tinterface_name=$iface\n\t\techo $interface_name >> ${ISROOT}/interface_names\n\tfi\ndone\n\n# Print the list of found interface names for debug purposes.\necho \"cat ${ISROOT}/interface_names\"\ncat ${ISROOT}/interface_names\n\n# If no IP address supplied, configure NIC with DHCP.\n# Remember that $net_ip is the third arg ($3).\n\ncase $OS_Type in\n rhel|centos)\n\techo -e \"\\tCheck if NetworkManager is still running; Who knows....\"\n\tif [[ $(systemctl --quiet is-failed NetworkManager.service) ]] ; then\n\t\techo -e “\\tNetworkManager not running. Exiting”\n\t\texit 4\n\tfi\n\techo -e \"\\tNetworkManager up and running.\"\n\tif [[ -z $net_ip ]] ; then\n\t\tif [ $vlan -ne 0 ] ; then\n\t\t\techo \"Configure $interface_name for DHCP\"\n\t\t\tnmcli connection add type vlan con-name $interface_name$vlan ifname $interface_name.$vlan id $vlan dev $interface_name\n\t\telse\n\t\t\tnmcli connection add con-name $interface_name ifname $interface_name type ethernet autoconnect yes\n\t\tfi\n\telse\n\t\techo \"Configure $interface_name for static.\"\n\n\t\tif [ $vlan -ne 0 ] ; then\n\t\t\tnmcli connection add type vlan con-name $interface_name$vlan ifname $interface_name.$vlan id $vlan dev $interface_name ip4 $net_ip/$(mask2cidr $netmask) gw4 $net_gw\n\t\telse\n\t\t\tnmcli con add con-name $interface_name ifname $interface_name type ethernet autoconnect yes ip4 $net_ip/$(mask2cidr $netmask) gw4 $net_gw\n\t\tfi\n\ncat <<CONF>/etc/resolv.conf\n# Generated by Image Streamer\nsearch $net_domain\nnameserver $dns1\nnameserver $dns2\nCONF\n\tfi\n ;;\nsles)\n\tif [[ -z $net_ip ]] ; then\n\t\techo \"Configure $interface_name for DHCP\"\ncat <<CONF > /etc/sysconfig/network/ifcfg-$interface_name\n#This file has been created by Image Streamer.\nNAME=\"$interface_name\"\nDEVICE=\"$interface_name\"\nBOOTPROTO=\"dhcp\"\nSTARTMODE=auto\nCONF\n\n\telse\n\n\t\techo \"Configure $interface_name for static.\"\ncat <<CONF>/etc/sysconfig/network/ifcfg-$interface_name\n#This file has been created by Image Streamer.\nNAME=\"$interface_name\"\nDEVICE=\"$interface_name\"\nBOOTPROTO=\"static\"\nSTARTMODE=auto\nIPADDR=\"$net_ip\"\nNETMASK=\"$netmask\"\nCONF\n\ncat <<CONF>/etc/resolv.conf\n#This file has been modified by Image Streamer.\nsearch $net_domain\nnameserver $dns1\nnameserver $dns2\nCONF\n\ncat <<CONF>/etc/sysconfig/network/routes\n#This file has been modified by Image Streamer.\ndefault $gateway - -\nCONF\n\n\tfi\n\t;;\nubuntu)\n echo \"Configuring Ubuntu network: TBD\"\n ;;\n*)\n \techo \"OS Type $OS_Type not supported. Exiting\"\n \texit 1\n ;;\nesac\n\necho \"Exiting NIC-configure.\"\nexit 0\nEND\n\n\n# The following 2 echo commands are executed by the guestfish shell.\n# Their output goes in the OS-Volume Activity log.\necho \"\\tPrepare the script that will populate the RC-FILE with the NICs configuration commands.\"\necho \"\\tThe number of NICs to configure is automatically calculated using the Network Custom Attributes of this Plan Script .\"\n# TODO: Offer the possibility to configure less NICs than present in the profile.\n\n# The following command creates a bash script in the OS-Volume. \n# This script will be copied-out to the Image Streamer and executed there.\n# Its goal is to generate all the necessary entries in the RC-FILE for each NIC \n# that has to be configured.\n# NOTE: The Custom Attributes are expanded during the creation of the script.\necho \"\\tCreation of the NetworkConfigure script in the /EFI/HPE/isdeploy/scripts directory\" \nupload -<<END /EFI/HPE/isdeploy/scripts/NetworkConfiguration\n#! /bin/bash\n\nISROOT=\"/boot/efi/EFI/HPE/isdeploy\"\n\n# Retrieve OS-Type and set OS_Type dependent variables.\nOS_Type=$(cat ${ISROOT}/data/OS-Type)\n\ncase $OS_Type in\n rhel|centos|ubuntu)\n \tNET_DIR=\"network-scripts\"\n \tRC_FILE=\"rc.local\" \n \t;;\n sles)\n \tNET_DIR=\"network\"\n \tRC_FILE=\"after.local\" \n \t;;\n ubuntu)\n \techo \" Ubuntu network configuration: TBD\"\n \tRC_FILE=\"rc.local\" \n \tNET_DIR=\"TBD\" \n \t;;\n *)\n \techo \" OS Type: $OS_Type not supported yet. Exiting. \"\n \texit 2\n \t;;\nesac\n\n\n# Compute the number of Ethernet NICs to configure.\n# Limitation: This simple compute method exits when the first \"not connected\" NIC\n# is found. Hence, if subsequent NICs are connected, they will not be\n# configured. \nlet n=0\nfor NIC in @NIC1.mac@ @NIC2.mac@ @NIC3.mac@ @NIC4.mac@ ; do\n if [ \"$NIC\" == \"none\" ]; then\n \tbreak\n fi\n let n++\n NICs_count=$n\n echo -e \"\\tNumber of NICs to configure: $NICs_count\"\ndone\n\nif [ $NICs_count -eq 0 ]; then\n echo -e \"\\tNo NIC to configure. Strange! Exiting.\"\n #echo \"rm -f ${ISROOT}/NIC-configure\" >> ./RC-FILE\n exit 0\nfi\n\nfor i in `seq 1 $NICs_count`\ndo\n\tif [ $i -eq 1 ];then\n\t\tif [[ \"@NIC1.ipaddress@\" =~ [0-9]*\\.[0-9]*\\.[0-9]*\\.[0-9]* ]]; then\n\t\t\t/bin/bash ${ISROOT}/tmp/NIC-configure @NIC1.mac@ @NIC1.vlanid@ @NIC1.ipaddress@ @NIC1.gateway@ @NIC1.domain@ @NIC1.dns1@ @NIC1.dns2@ @NIC1.netmask@\n\t\telse\n\t\t\t/bin/bash ${ISROOT}/tmp/NIC-configure @NIC1.mac@ @NIC1.vlanid@\n\t\tfi\n\telif [ $i -eq 2 ];then\n\t\tif [[ \"@NIC2.ipaddress@\" =~ [0-9]*\\.[0-9]*\\.[0-9]*\\.[0-9]* ]]; then\n\t\t\t/bin/bash ${ISROOT}/tmp/NIC-configure @NIC2.mac@ @NIC2.vlanid@ @NIC2.ipaddress@ @NIC2.gateway@ @NIC2.domain@ @NIC2.dns1@ @NIC2.dns2@ @NIC2.netmask@\n\t\telse\n\t\t\t/bin/bash ${ISROOT}/tmp/NIC-configure @NIC2.mac@ @NIC2.vlanid@\n\t\tfi\n\telif [ $i -eq 3 ];then\n\t\tif [[ \"@NIC3.ipaddress@\" =~ [0-9]*\\.[0-9]*\\.[0-9]*\\.[0-9]* ]]; then\n\t\t\t/bin/bash ${ISROOT}/tmp/NIC-configure @NIC3.mac@ @NIC3.vlanid@ @NIC3.ipaddress@ @NIC3.gateway@ @NIC3.domain@ @NIC3.dns1@ @NIC3.dns2@ @NIC3.netmask@\n\t\telse\n\t\t\t/bin/bash ${ISROOT}/tmp/NIC-configure @NIC3.mac@ @NIC3.vlanid@\n\t\tfi\n\telif [ $i -eq 4 ];then\n\t\tif [[ \"@NIC4.ipaddress@\" =~ [0-9]*\\.[0-9]*\\.[0-9]*\\.[0-9]* ]]; then\n\t\t\t/bin/bash ${ISROOT}/tmp/NIC-configure @NIC4.mac@ @NIC4.vlanid@ @NIC4.ipaddress@ @NIC4.gateway@ @NIC4.domain@ @NIC4.dns1@ @NIC4.dns2@ @NIC4.netmask@\n\t\telse\n\t\t\t/bin/bash ${ISROOT}/tmp/NIC-configure @NIC4.mac@ @NIC4.vlanid@\n\t\tfi\n\tfi\ndone\n\n# ToDo: adapt the following to the different Linux flavors (Ubuntu?)\nsystemctl restart network \nexit 0\nEND","customAttributes":null,"hpProvided":false,"dependentArtifacts":null}