{"type":"PlanScript","uri":null,"category":null,"eTag":null,"created":null,"modified":null,"id":"acdf3b53-5531-44bb-8da7-f17f72f801d4","name":"XenConfigureManagementNetworkNoBond-DeployPS-HPE-UEFI","description":"XenServer simple management network configuration. No bond. UEFI deployment paradigm. Not suitable for Linux deployment since it uses xe commands","status":null,"state":null,"planType":"deploy","content":"# ##########################################\n# XenConfigureManagementNetworkNoBond-DeployPS-HPE-UEFI\n# Version: 0.1\n# ##########################################\n\n\n# (c) Copyright 2017 Hewlett Packard Enterprise Development LP\n#\n# Licensed under the Apache License, Version 2.0 (the \"License\");\n# you may not use this file except in compliance with the License.\n# You may obtain a copy of the License at http://www.apache.org/licenses/LICENSE-2.0\n#\n# Unless required by applicable law or agreed to in writing, software distributed\n# under the License is distributed on an \"AS IS\" BASIS, WITHOUT WARRANTIES OR\n# CONDITIONS OF ANY KIND, either express or implied. See the License for the\n# specific language governing permissions and limitations under the License.\n\n# NOTE: The output of guestfish commands goes to the OS-Volume\n# Activity log file ONLY if the first mount command is successful.\n# If the first mount command fails, you must check the\n# Image Streamer Activity log file to understand why\n# the first mount command failed.\n\n\n# The output of the following guestfish echo commands goes \n# into the OS-Volume Activity log file.\necho \"=================================================\"\necho \"XenConfigureManagementNetworkNoBond-DeployPS-HPE-UEFI\"\necho \"=================================================\"\necho\n\necho \"\\tCreating the /EFI/HPE/isdeploy/scripts/2-XenConfigureManagementNetworkNoBond.bash script in the OS-Volume\" \nupload -<<END /EFI/HPE/isdeploy/scripts/2-XenConfigureManagementNetworkNoBond.bash\n#! /bin/bash\n\n# Redirecting logs into caller’s log file\nexec 1> >(logger -s -t $(basename $0)) 2>&1\n\nISDEPLOY=/boot/efi/EFI/HPE/isdeploy\necho \"Entering ${ISDEPLOY}/scripts/2-XenConfigureManagementNetworkNoBond.bash script ...\"\n\ntimeout=200\necho \"Wait up to $timeout seconds for xapi to start\"\n/opt/xensource/bin/xapi-wait-init-complete $timeout\nif [ \"$?\" != \"0\" ] ; then \n            echo \"xapi could not start after $timout seconds. Exiting\"\n            exit 2\nfi\n\n\nif [[ \"@ManagementNIC1.ipaddress@\" =~ [0-9]*\\.[0-9]*\\.[0-9]*\\.[0-9]* ]]; then\n\t/bin/bash ${ISDEPLOY}/tmp/XenNetwork.bash @ManagementNIC1.ipaddress@ @ManagementNIC1.gateway@ @ManagementNIC1.domain@ @ManagementNIC1.dns1@ @ManagementNIC1.dns2@ @ManagementNIC1.netmask@ @ManagementNIC1.mac@\n        if [ \"$?\" != \"0\" ] ; then \n                      echo \"Problem in XenNetwork.bash. Exiting\"\n                      exit 2\n        fi \nelse\n\t/bin/bash ${ISDEPLOY}/tmp/XenNetwork.bash 0 0 0 0 0 0 @ManagementNIC1.mac@\n        if [ \"$?\" != \"0\" ] ; then \n                      echo \"Problem in XenNetwork.bash. Exiting\"\n                      exit 1\n        fi \nfi\n\n\n#add hostname to /etc/hosts\n# First, we need to retrieve the IPv4 address in case of DHCP.\nip_address=@ManagementNIC1.ipaddress@\nif [[ $ip_address =~ \\@ ]] ; then\n    Mgmt_MAC=@ManagementNIC1.mac@\n    interfaces=$(ls /sys/class/net/)\n    for iface in $interfaces ; do\n        mac=$(cat /sys/class/net/$iface/address)\n        if [ ${mac,,} == ${Mgmt_MAC,,} ] ; then\n                ip=$(ip -4 address list $iface | awk '/   inet/ {print $2}')\n                if [ ! -z $ip ] ; then \n                    ip_address=${ip%/*}\n                fi\n        fi\n    done\nfi\n\ndnsdomain=\".@ManagementNIC1.domain@\"\nif [[ \"$dnsdomain\" =~ \\.@ ]] ; then\n     echo \"Could not find domain name. It is very likely that we are in DHCP mode and\"\n     echo \"the DHCP server did not provide the domain name.\"\n     echo \"Defaulting to the null string to avoid corrupting /etc/hosts\"\n     dnsdomain=\"\" \nfi\n\nfqdn=@HostName@${dnsdomain}\nalias=$(echo ${fqdn%%.*})\nif [ $fqdn == $alias ] ; then fqdn=\"\" ; fi\nsed -i \"/::1/a\\\\$ip_address $fqdn $alias\" /etc/hosts\nsed -i \"/::1/a\\\\#This file has been altered by Image Streamer.\" /etc/hosts\n\n\t\necho \"Exiting ${ISDEPLOY}/scripts/2-XenConfigureManagementNetworkNoBond.bash script ...\"\nexit 0\nEND\n\n\n# The following echo command is performed by the guestfish shell.\n# Its output is present in the OS-Volume Activity log file.\necho \"\\tPrepare a XenNetwork configuration file to be executed at next reboot\" \n\n# The following upload command creates a bash script in the OS-Volume.\n# This script will be called at next reboot by the RC file\n# It configures the NICs given its arguments of the command line ($1, $2...).\nupload -<<END /EFI/HPE/isdeploy/tmp/XenNetwork.bash\n#! /bin/bash\n\n# Redirect logs into caller's log file\nexec 1> >(logger -s -t $(basename $0)) 2>&1\n\nISDEPLOY=/boot/efi/EFI/HPE/isdeploy\necho -e \"\\tEntering ${ISDEPLOY}/tmp/XenNetwork.bash script ...\"\n\n\n# Use of Xensever xe commands to configure network and network bonds for management network\n# NOTE: Xenserver does not allow the management interface to have a VLAN tag. \nnet_ip=$1\nnet_gw=$2\nnet_domain=$3\ndns1=$4\ndns2=$5\nnetmask=$6\nnet_mac_1=$7\n\nif [ ${net_mac_1,,} == \"none\" ] ; then\n    echo 'Management Network Interface MAC address should not be \"none\"'\n    echo \"Make sure the Management NIC is properly configured in the profile.\"\n    echo \"Exiting\"\n    exit 1\nfi\n\necho $net_mac_1 > ${ISDEPLOY}/data/Mgmt-MAC\n\necho -e \"\\tWait for XenServer to be up before running xe commands\"\npif_uuid=\"\" \nlet i=1\nlet count=20\nwhile [ -z \"$pif_uuid\" -a $i -lt $count ] ; do\n\techo -e \"\\tWaiting 10 seconds for XenServer to be up and running\"\n\tpif_uuid=$(xe pif-list MAC=${net_mac_1} 2>/dev/null | awk '/^uuid/ {print $NF}')\n       sleep 10\n       let i++\ndone\n\nif [ $i -ge $count ] ; then\n        let timeout=$count*10\n        echo \"XenServer and NIC $Mgmt_MAC not ready after $timeout seconds. exiting\"\n        exit 4\nfi\n\n\nif [[ \"$net_ip\" =~ [0-9]*\\.[0-9]*\\.[0-9]*\\.[0-9]* ]]; then\n\techo -e \"\\tStatic network configuration\" \n\txe pif-reconfigure-ip uuid=$pif_uuid mode=static dns=$dns1,$dns2 ip=$net_ip gateway=$net_gw netmask=$netmask \n         if [ \"$?\" != \"0\" ] ; then \n                      echo \"Could not configure Mgmt Network interface with static address. Exiting\"\n                      exit 1\n         fi \nelse\n\techo -e \"\\tDHCP network configuration\"\n\txe pif-reconfigure-ip uuid=$pif_uuid mode=dhcp\n        if [ \"$?\" != \"0\" ] ; then \n                      echo \"Could not configure Mgmt Network with DHCP. Exiting\"\n                      exit 1\n         fi \nfi\n\necho -e \"\\tDomain configuration\"\nxe pif-param-set uuid=$pif_uuid other-config:domain=$net_domain\nif [ \"$?\" != \"0\" ] ; then \n                      echo \"Could not configure the Domain. Exiting\"\n                      exit 1\nfi\necho -e \"\\tHost Management reconfiguration\"\nxe host-management-reconfigure pif-uuid=$pif_uuid\nif [ \"$?\" != \"0\" ] ; then \n                      echo \"Could not configure Host Management. Exiting\"\n                      exit 1\nfi\n\necho -e \"\\tExiting ${ISDEPLOY}/tmp/XenNetwork.bash script ...\"\nexit 0\nEND\n\n\necho","customAttributes":null,"hpProvided":false,"dependentArtifacts":null}