{"type":"PlanScript","uri":null,"category":null,"eTag":null,"created":null,"modified":null,"id":"0ed4b27a-1430-4b2d-a6f3-6cd598ee70f0","name":"HPE - ESXi - set iSUT autodeploy mode","description":"Configure iSUT in AutoDeploy Mode for vLCM auto updates","status":null,"state":null,"planType":"deploy","content":"# (c) Copyright 2018-2019 Hewlett Packard Enterprise Development LP\n#\n# Licensed under the Apache License, Version 2.0 (the \"License\");\n# you may not use this file except in compliance with the License.\n# You may obtain a copy of the License at #http://www.apache.org/licenses/LICENSE-2.0\n#\n# Unless required by applicable law or agreed to in writing, software distributed\n# under the License is distributed on an \"AS IS\" BASIS, WITHOUT WARRANTIES #OR\n# CONDITIONS OF ANY KIND, either express or implied. See the License for the\n# specific language governing permissions and limitations under the License.\n\n\n#Please note that password value should meet password complexity and \n#minimum length requirements defined for ESXi 5.x, ESXi 6.x appropriately. \n\necho \"########################################\"\necho \"Configure iSUT autodeploy mode\"\necho \"########################################\"\n\nupload -<<END /ImageStreamer/esxi_isut\n#! /bin/bash\nif [ \"@iSUTAutoDeploy:enabled@\" = \"enabled\" ]; then\ncat <<\"EOF\" >>local.sh\n# Image Streamer iSUTconfiguration\nsut -set mode=autodeploy\nEOF\n\nfi\n\nexit 0\nEND\n\ndownload /ImageStreamer/esxi_isut esxi_isut\necho \"Run esxi_isut\"\n!source ./esxi_isut\necho","customAttributes":null,"hpProvided":false,"dependentArtifacts":null}