{"type":"PlanScript","uri":null,"category":null,"eTag":null,"created":null,"modified":null,"id":"44b69089-6b94-455f-b43a-aaf7aec9e4e2","name":"HPE - ESXi 6.7 - remove system uuid - 2018-08-02","description":"Remove system uuid from esx.conf","status":null,"state":null,"planType":"deploy","content":"# (c) Copyright 2018-2019 Hewlett Packard Enterprise Development LP\n#\n# Licensed under the Apache License, Version 2.0 (the \"License\");\n# you may not use this file except in compliance with the License.\n# You may obtain a copy of the License at #http://www.apache.org/licenses/LICENSE-2.0\n#\n# Unless required by applicable law or agreed to in writing, software distributed\n# under the License is distributed on an \"AS IS\" BASIS, WITHOUT WARRANTIES #OR\n# CONDITIONS OF ANY KIND, either express or implied. See the License for the\n# specific language governing permissions and limitations under the License.\n\necho \"########################################\"\necho \"Remove system uuid\"\necho \"########################################\"\n\necho\necho \"Build script to remove system uuid\"\nupload -<<END /ImageStreamer/remove_system_uuid\n#! /bin/bash\n\nDIR=`pwd`\ncd $DIR/esxi_local\n\necho \"remove system uuid\"\n\nesx_conf=\"$(find . -iname 'esx.conf')\"\n\nif [ -n \"$esx_conf\" ]; then\n\necho \"system uuid before in $esx_conf\"\ngrep -i system.*uuid $esx_conf\n\nsed -i 's#/system/uuid.*##' $esx_conf\n\necho \"system uuid after in $esx_conf\"\ngrep -i system.*uuid $esx_conf\n\nelse\necho \"esx.conf not found\"\nfi\n\nexit 0\nEND\n\ndownload /ImageStreamer/remove_system_uuid ./remove_system_uuid\necho\n\necho \"Run  remove system uuid script\"\n!source ./remove_system_uuid\necho","customAttributes":null,"hpProvided":true,"dependentArtifacts":null}