{"type":"OeBuildPlan","uri":null,"category":null,"eTag":null,"created":null,"modified":null,"buildPlanid":"644a5e3d-41b2-4bc8-82f4-02064ab96f1d","name":"LJ - ESXi 7.0 - deploy with multiple management NIC HA config","description":"Deploy ESXi 7.0 in a multi-frame environment containing a pair of Image Streamer appliances. \n\nThis build plan adds to the original HPE Build Plan two plan scripts:\n- HPE - ESXi - set iSUT autodeploy mode\n        This plan script sets SUT in autodeploy mode to support vLCM updates\n        Provides 1 custom attribute:\n            - iSUTAutoDeploy (type: Option: enabled/disabled)\n\n - HPE - ESXi - add host to VMware vcenter\n        This plan script automatically add the ESXi host to a vcenter server\n        Requirement:\n            - ESXi host must be connected to internet as pip and \n               a missing Python module (requests) must be downloaded and installed\n            - vCenter server must be accessible from the ESXi host management network\n        Provides 3 custom attributes: \n            - Add_to_vcenter (type: Option: enabled/disabled)\n            - vcenter (type: string / IP address of vcenter)\n            - vcenteruser (type; String)\n            - vcenterpassword","status":null,"hpProvided":false,"oeBuildPlanType":"deploy","buildStep":[{"planScriptUri":"/rest/plan-scripts/017ef0f4-fe99-401c-9556-d97cd22187fb","serialNumber":"1","parameters":null,"planScriptName":"HPE - ESXi - mount - 2018-12-03"},{"planScriptUri":"/rest/plan-scripts/541c3232-ae24-4dd0-a5b0-cce5b72e479f","serialNumber":"2","parameters":null,"planScriptName":"HPE - ESXi 6.7 - unpack state - 2018-08-02"},{"planScriptUri":"/rest/plan-scripts/48bbcb05-139c-4158-913c-b1e91e3ee4b5","serialNumber":"3","parameters":null,"planScriptName":"HPE - ESXi 6.7 - replace initiator IP - 2018-08-02"},{"planScriptUri":"/rest/plan-scripts/44b69089-6b94-455f-b43a-aaf7aec9e4e2","serialNumber":"4","parameters":null,"planScriptName":"HPE - ESXi 6.7 - remove system uuid - 2018-08-02"},{"planScriptUri":"/rest/plan-scripts/c26000b9-bfc0-46fd-a5a6-d230f6234957","serialNumber":"5","parameters":null,"planScriptName":"HPE - ESXi 6.7 - remove host-server IP - 2019-07-19"},{"planScriptUri":"/rest/plan-scripts/762c1140-815d-4f4a-804d-d7d24ba70bbe","serialNumber":"6","parameters":null,"planScriptName":"HPE - ESXi 6.7 - generalize state - 2020-03-27"},{"planScriptUri":"/rest/plan-scripts/e7fce13e-612d-4b4a-b0da-8db2ba0ed503","serialNumber":"7","parameters":null,"planScriptName":"HPE - ESXi - mpio - configure iSCSI boot HA - 2020-03-27"},{"planScriptUri":"/rest/plan-scripts/52aa3051-53ed-4fe2-9746-6d2377d83aa6","serialNumber":"8","parameters":null,"planScriptName":"HPE - ESXi - set password - 2017-03-15 (1)"},{"planScriptUri":"/rest/plan-scripts/0ae11855-8353-4679-9e9b-e01aa6e92a6c","serialNumber":"9","parameters":null,"planScriptName":"HPE - ESXi - configure management 1st NIC - 2017-08-22 (1)"},{"planScriptUri":"/rest/plan-scripts/d777b692-9993-4432-9f7a-7c7e5450fa1a","serialNumber":"10","parameters":null,"planScriptName":"HPE - ESXi - configure management 2nd NIC HA - 2017-07-07 (1)"},{"planScriptUri":"/rest/plan-scripts/1f440edd-0fbf-4d44-9968-b6ca554d616d","serialNumber":"11","parameters":null,"planScriptName":"HPE - ESXi - configure ssh - 2017-12-15 (1)"},{"planScriptUri":"/rest/plan-scripts/e99fd7ec-c2e2-4db8-956b-b01cbdbb1e0a","serialNumber":"12","parameters":null,"planScriptName":"HPE - ESXi  - Broadcom FCOE Discover - 2017-04-05"},{"planScriptUri":"/rest/plan-scripts/6d4ef284-d4cd-4cf5-8c50-f8522c7b49d5","serialNumber":"13","parameters":null,"planScriptName":"HPE - ESXi - 3PAR SATP Claim Rule - 2017-04-05"},{"planScriptUri":"/rest/plan-scripts/0ed4b27a-1430-4b2d-a6f3-6cd598ee70f0","serialNumber":"14","parameters":null,"planScriptName":"HPE - ESXi - set iSUT autodeploy mode"},{"planScriptUri":"/rest/plan-scripts/9f3b0c60-e7a7-4932-b819-2e4eaaa0b2ce","serialNumber":"15","parameters":null,"planScriptName":"LJ - ESXi - add host to VMware vcenter"},{"planScriptUri":"/rest/plan-scripts/451b729a-8fcc-44fc-933a-b1007085d576","serialNumber":"16","parameters":null,"planScriptName":"HPE - ESXi 6.7 - clear local - 2020-03-27"},{"planScriptUri":"/rest/plan-scripts/365cc302-aa75-44a6-b466-c21e16736675","serialNumber":"17","parameters":null,"planScriptName":"HPE - ESXi - repack state - 2017-03-15 (1)"},{"planScriptUri":"/rest/plan-scripts/ccb8d578-179c-4fe6-a84e-3554a9821f2d","serialNumber":"18","parameters":null,"planScriptName":"HPE - ESXi - umount - 2017-03-15 (1)"}],"customAttributes":[{"name":"ManagementNIC","description":"","value":"","constraints":"{\"ipv4static\":true,\"ipv4dhcp\":true,\"ipv4disable\":false,\"parameters\":[\"dns1\",\"dns2\",\"gateway\",\"ipaddress\",\"mac\",\"netmask\",\"vlanid\"]}","type":"nic"},{"name":"iSUTAutoDeploy","description":"","value":"enabled","constraints":"{\"options\":[\"enabled\",\"disable\"]}","type":"option"},{"name":"Add_to_vcenter","description":"","value":"enabled","constraints":"{\"options\":[\"enabled\",\"disabled\"]}","type":"option"},{"name":"DomainName","description":"Fully Qualified Domain Name for ESXi host","value":"","constraints":"{\"helpText\":\"\"}","type":"fqdn"},{"name":"Hostname","description":"Hostname for VMware ESXi host. The hostname value can be defined manually or by using the tokens. This value must conform to valid hostname requirement defined by Internet standards.","value":"","constraints":"{\"helpText\":\"\"}","type":"hostname"},{"name":"ManagementNIC2","description":"","value":"","constraints":"{\"ipv4static\":true,\"ipv4dhcp\":false,\"ipv4disable\":false,\"parameters\":[\"mac\",\"vlanid\"]}","type":"nic"},{"name":"SSH","description":"To enable/disable and start/stop SSH in ESXi","value":"enabled","constraints":"{\"options\":[\"enabled\",\"disabled\"]}","type":"option"},{"name":"vcenter","description":"","value":"","constraints":"{}","type":"string"},{"name":"vcenterpassword","description":"","value":"","constraints":"{\"maxlen\":\"20\"}","type":"password"},{"name":"vcenteruser","description":"","value":"","constraints":"{}","type":"string"},{"name":"Password","description":"Password value must meet password complexity and minimum length requirements defined for ESXi 5.x, ESXi 6.x appropriately.","value":"","constraints":"{\"options\":[\"\"]}","type":"password"}],"dependentArtifacts":null}