{"type":"PlanScript","uri":null,"category":null,"eTag":null,"created":null,"modified":null,"id":"9f3b0c60-e7a7-4932-b819-2e4eaaa0b2ce","name":"LJ - ESXi - add host to VMware vcenter","description":"Add the host to VMware vCenter","status":null,"state":null,"planType":"deploy","content":"# (c) Copyright 2017 Hewlett Packard Enterprise Development LP\n#\n# Licensed under the Apache License, Version 2.0 (the \"License\");\n# you may not use this file except in compliance with the License.\n# You may obtain a copy of the License at #http://www.apache.org/licenses/LICENSE-2.0\n#\n# Unless required by applicable law or agreed to in writing, software distributed\n# under the License is distributed on an \"AS IS\" BASIS, WITHOUT WARRANTIES #OR\n# CONDITIONS OF ANY KIND, either express or implied. See the License for the\n# specific language governing permissions and limitations under the License.\n\necho \"########################################\"\necho \"Add host to VMware vcenter\"\necho \"########################################\"\n\nupload -<<END /ImageStreamer/esxi_add_to_vcenter\n#!/bin/bash\nif [ \"@Add_to_vcenter:enabled@\" = \"enabled\" ]; then\n\ncat <<\"2EOF\" >>local.sh\n# Image Streamer Add ESXi host to vcenter \n\n# Creating a python script to add a host to a vcenter server\ncat <<\"EOF\" >>Add_host_to_vcenter.py\n\nimport urllib3\nimport requests\nimport json\nimport sys\n\n\ndef Add_host_to_vcenter(HostIP, HostPassword, vcenter, vcenteruser, vcenterpassword):\n\n    # Suppress InsecureRequestWarning for REST calls\n    urllib3.disable_warnings(urllib3.exceptions.InsecureRequestWarning)\n\n    # CREATE SESSION\n    url = \"https://\" + vcenter + \"/rest/com/vmware/cis/session\"\n\n    try:\n        response = requests.request(\n            \"POST\", url, verify=False, auth=(vcenteruser, vcenterpassword))\n        print(\"Connected to vcenter \" + vcenter)\n    except requests.exceptions.RequestException as err:\n        print(\"Error ! Cannot connect to the vcenter server \" + vcenter)\n        raise SystemExit(err)\n\n    sessionid = (response.json())['value']\n\n    # LIST FOLDERS\n\n    url = \"https://\" + vcenter + \"/rest/vcenter/folder\"\n\n    headers = {\n        'vmware-api-session-id': sessionid\n\n    }\n\n    try:\n        response = requests.request(\n            \"GET\", url, headers=headers, verify=False)\n    except requests.exceptions.RequestException as err:\n        print(\"Error! Cannot list vcenter folders!\")\n        raise SystemExit(err)\n\n    resp = (response.json())['value']\n\n    # Get HOST folder name\n    for item in resp:\n        if item['type'] == 'HOST':\n            foldername = item['folder']\n\n    # CREATE HOST\n\n    url = \"https://\" + vcenter + \"/rest/vcenter/host\"\n\n    headers = {\n        'vmware-api-session-id': sessionid,\n        'Content-Type': 'application/json'\n\n    }\n\n    payload = {\n        \"spec\": {\n            \"folder\": foldername,\n            \"hostname\": HostIP,\n            \"password\": HostPassword,\n            \"thumbprint_verification\": \"NONE\",\n            \"user_name\": \"root\"\n        }\n    }\n\n    try:\n        response = requests.post(url, headers=headers,\n                verify=False, json=payload)\n        print(\"Host added successfully !\")\n    except requests.exceptions.RequestException as err:\n        print(\"Error ! Host cannot be added to \" + vcenter)\n        raise SystemExit(err)\n\n\n\nif __name__ == \"__main__\":\n    HostIP = str(sys.argv[1])\n    HostPassword = str(sys.argv[2])\n    vcenter = str(sys.argv[3])\n    vcenteruser = str(sys.argv[4])\n    vcenterpassword = str(sys.argv[5])\n    Add_host_to_vcenter(HostIP, HostPassword, vcenter,\n                        vcenteruser, vcenterpassword)\n\n\n\n\nEOF\n\n# Setting ESXi Firewall to enable httpClient for wget\nesxcli network firewall ruleset set -e true -r httpClient\n\n# Downloading get-pip.py \nwget -O get-pip.py https://bootstrap.pypa.io/get-pip.py\n\n# Installing pip\npython3 get-pip.py\n\n# Installing requests module\npython3 -m pip install requests\n\n# Adding ESXi host to vCenter inventory\npython3 Add_host_to_vcenter.py @ManagementNIC.ipaddress@ @Password@ @vcenter@ @vcenteruser@ @vcenterpassword@\n\n# Setting ESXi Firewall to disable httpClient \nesxcli network firewall ruleset set -e false -r httpClient\n\n2EOF\n\nfi\n\nexit 0\nEND\n\ndownload /ImageStreamer/esxi_add_to_vcenter esxi_add_to_vcenter\necho \"Run esxi_add_to_vcenter\"\n!source ./esxi_add_to_vcenter","customAttributes":null,"hpProvided":false,"dependentArtifacts":null}