{"type":"PlanScript","uri":null,"category":null,"eTag":null,"created":null,"modified":null,"id":"1195fdb9-e85b-4df4-8072-82155fc1ab9a","name":"FinalizeDeployment-DeployPS-HPE-Legacy","description":"Mainly finalize the preparation of the RC-FILE to be executed during the next reboot of the OS-Volume.","status":null,"state":null,"planType":"deploy","content":"#################################################\n# FinalizeDeployment-DeployPS-HPE-Legacy\n# Version: 0.5\n#################################################\n# (c) Copyright 2017 Hewlett Packard Enterprise Development LP\n#\n# Licensed under the Apache License, Version 2.0 (the \"License\");\n# you may not use this file except in compliance with the License.\n# You may obtain a copy of the License at http://www.apache.org/licenses/LICENSE-2.0\n#\n# Unless required by applicable law or agreed to in writing, software distributed\n# under the License is distributed on an \"AS IS\" BASIS, WITHOUT WARRANTIES OR\n# CONDITIONS OF ANY KIND, either express or implied. See the License for the\n# specific language governing permissions and limitations under the License.\n\n# The following 4 echo commands are executed by the guestfish shell.\n# Their output goes in the OS-Volume Activity log file.\necho\necho \"=======================================\"\necho \"FinalizeDeployment-DeployPS-HPE-Legacy\"\necho \"=======================================\"\necho \"    Program the restore of the original RC file as last line of the ImageStreamer modified RC file\"\n\n# The following echo command is executed by the Image Streamer shell.\n# Its output is appended to the RC file already present in the Image Streamer.\n# Its goal is to tell RC-FILE to restore its backup file when executed during the\n# first reboot of the OS-Volume.\n<!awk '/rhel/ || /centos/ || /xen/ {print \"!echo mv -f /etc/rc.d/rc.local.backup /etc/rc.d/rc.local >>./RC-FILE\"} ; /sles/ {print \"!echo mv -f /etc/init.d/after.local.backup /etc/init.d/after.local >> ./RC-FILE\"} ; /ubuntu/ {print \"!echo mv -f /etc/rc.local.backup /etc/rc.local >> ./RC-FILE\"}' ./OS-Type\n\n\n# The following echo command is executed by the guestfish shell\n# Its output goes in the OS-Volume Activity log.\necho \"    Copy-in the modified  RC file\"\n# The following command copies the modified rc.local file from \n# the Image Streamer into the OS-Volume.\n<!awk '/rhel/ || /centos/ || /xen/ {print \"upload ./RC-FILE /etc/rc.d/rc.local\"} ; /sles/ {print \"upload ./RC-FILE /etc/init.d/after.local\" } ; /ubuntu/ {print \"upload ./RC-FILE /etc/rc.local\"}' ./OS-Type\n\necho \"    Add the execute protection to the modified RC file\"\n<!awk '/rhel/ || /centos/ || /xen/ {print \"chmod 0755 /etc/rc.d/rc.local\"} ; /sles/ {print \"chmod 0755 /etc/init.d/after.local\" } ; /ubuntu/ {print \"chmod 0755 /etc/rc.local\"} ' ./OS-Type\n\n# The following commands are executed by the guestfish shell.\n# Their output goes in the OS-Volume Activity log file.\necho \"#### This is the content of the RC-FILE file that will be executed during next reboot:\"\n<!awk '/rhel/ || /centos/ || /xen/ {print \"cat /etc/rc.d/rc.local\"} ; /sles/ {print \"cat /etc/init.d/after.local\" } ; /ubuntu/ {print \"cat /etc/rc.local\"}' ./OS-Type\necho \"####  End of the RC file that will be executed during the next reboot\"\necho\n\n# The following echo commands is executed by the guestfish shell\n# Its output goes into the OS-Volume Activity log.\n# The following command copies rc.local.backup file from the Image Streamer \n# into the OS-Volume.\necho \"    Copy in the saved backup of original RC file\"\n<!awk '/rhel/ || /centos/ || /xen/ {print \"upload ./RC-FILE.backup /etc/rc.d/rc.local.backup\"} ; /sles/ {print \"upload ./RC-FILE.backup /etc/init.d/after.local.backup\"} ; /ubuntu/ {print \"upload ./RC-FILE.backup /etc/rc.local.backup\"}' ./OS-Type","customAttributes":null,"hpProvided":false,"dependentArtifacts":null}