{"type":"PlanScript","uri":null,"category":null,"eTag":null,"created":null,"modified":null,"id":"21d5deaa-df1e-46eb-8a55-fa06ddd9fb03","name":"LinuxConfigureUsers-DeployPS-HPE-Legacy","description":"Set root password and create user accounts during the deployment process. \nTested successfully with RHEL 7, CentOS 7 and SLE 15 and Ubuntu 19.04. \nToDo: add support of XenServer","status":null,"state":null,"planType":"deploy","content":"# ############################################\n# LinuxConfigureUsers-DeployPS-HPE-Legacy\n# Version: 0.5\n#############################################\n# (c) Copyright 2017 Hewlett Packard Enterprise Development LP\n#\n# Licensed under the Apache License, Version 2.0 (the \"License\");\n# you may not use this file except in compliance with the License.\n# You may obtain a copy of the License at http://www.apache.org/licenses/LICENSE-2.0\n#\n# Unless required by applicable law or agreed to in writing, software distributed\n# under the License is distributed on an \"AS IS\" BASIS, WITHOUT WARRANTIES OR\n# CONDITIONS OF ANY KIND, either express or implied. See the License for the\n# specific language governing permissions and limitations under the License.\n\n# The output of the following 4 guestfish echo commands goes\n# in the OS-Volume Activity log file.\necho\necho \"=======================================\"\necho \"LinuxConfigureUsers-DeployPS-HPE-Legacy\"\necho \"=======================================\"\necho \"\\tPrepare sript to change root's password during next reboot\"\n\n# The following bash script is written in the OS-Volume\n# /temp/change_root_passwd file. It will be executed by \n# RC-FILE during next reboot.\n# Debug: Look for string .local in /var/log/messages \nupload -<<END /temp/change_root_passwd\n#! /bin/bash\n# The following echo commands write the name of this script\n# in the OS log file. Typically /var/log/messages.\necho \"Entering ${0}...\"\n\n# Retrieve OS-Type and set OS-Type dependent variables.\nOS_Type=$(cat /temp/OS-Type)\n\ncase $OS_Type in\n    rhel|centos|sles|ubuntu)\n        # ToDo: it may be possible to use chpasswd as in SLES...\n        echo \"root:@NewRootPassword@\" | chpasswd 2>/dev/null\n        ;;\n    *)\n        echo \"OS Type not supported. Exiting. \"\n        exit 1\n        ;;\nesac\necho \"Exiting ${0}...\"\nunlink $0\n\n\nEND\n\n# The output of the following echo commands goes\n# in the OS-Volume Activity log file.\necho \"\\tPrepare /temp/add_users script to add new user(s)\"\necho \"\\tand set their password.\"\n\n# The following script will be executed by the RC file\n# during the next reboot (see below).\n# Debug: Look for string .local in /var/log/messages\nupload -<<END /temp/add_users\n#!/bin/bash\n\n# The following echo commands prints the name of\n# this script in the OS log file. Typically /var/log/messages.\necho \"Entering ${0}...\"\n\n# Retrieve OS-Type and set OS-Type dependent variables.\nOS_Type=$(cat /temp/OS-Type)\n\necho \"Add comment in /etc/{group,passwd}\"\n# Add comments in passwd and group files to delimit the start of Image Streamer modifications\n# ToDo: Would be nicer to add this comment only if at least one user has been added!\ncase $OS_Type in\n\trhel|centos|ubuntu)\n\t\tsed -i -e '$a\\#START of Image Streamer modifications' /etc/group\n\t\tsed -i -e '$a\\#START of Image Streamer modifications' /etc/passwd\n\t\t;;\n\tsles)\n\t\t# It seems that SLES, by default, does not create one group per new user\n\t\t sed -i -e '$a\\#START of Image Streamer modifications' /etc/passwd\n\t\t;;\n\txen*)\n\t\techo \"ToDo: need to adapt with Xen or not? Exiting...\"\n\t\texit 0\n\t\t;;\n\t*)\n\t\techo \"OS Type: $OS_Type not supported. Exiting\"\n\t\texit 1\n\t\t;;\nesac\n\n# The following variable contains the list of the \n# new users to create, separated by a comma (,) or a semi-colon (;).\nusers_string=\"@NewUsers@\"\n\n#Users will be added with the same password. On first login users will have to change their password.\npassword=\"@NewUsersPassword@\"\n\nIFS=',; ' read -r -a array <<< \"$users_string\"\nfor user in \"${array[@]}\"\ndo\n\techo \"Processing $user\"\n\tif [ $(id -u) -eq 0 ]; then\n\t\t\tegrep \"$user\" /etc/passwd >/dev/null\n\t\t\tif [ $? -eq 0 ]; then\n\t\t\t\t\techo \"Warning: $user exists!\"\n\t\t\telse\n\n\t\t\t\tcase $OS_Type in \n\t\t\t\trhel|centos|ubuntu|sles)\n\t \t\t\t\tuseradd -m $user\n\t \t\t\t\techo \"$user:$password\" | chpasswd 2>/dev/null\n\t \t\t\t\tchage -d 0 $user\n\t \t\t\t\t[ $? -eq 0 ] && echo \"User $user has been added to system!\" || echo \"Failed to add a user!\"\n \t\t\t\t\t;;\n \t\t\t\t*)\n \t\t\t\t\techo \"OS Type: $OS_Type not supported. Exiting.\"\n \t\t\t\t\texit 1\n\t \t\t\t\t;;\n \t\t\t\tesac\n\t\t\tfi\n\telse\n\t\t\techo \"Error: Unable to add $user\"\n exit 2\n\tfi\ndone\n\n# Add comments in passwd file to delimit the end of Image Streamer modifications:\n# ToDo: Would be nicer to add this comment only if at least one user has been added!\ncase $OS_Type in\n\trhel|centos|ubuntu)\n\t\tsed -i -e '$a\\#END of Image Streamer modifications' /etc/group\n\t\tsed -i -e '$a\\#END of Image Streamer modifications' /etc/passwd\n\t\t;;\n\tsles)\n\t\t sed -i -e '$a\\#END of Image Streamer modifications' /etc/passwd\n\t\t;;\n\txen*)\n\t\techo \"ToDo: need to adapt with Xen or not? Exiting...\"\n\t\texit 0\n\t\t;;\n\t*)\n\t\techo \"OS Type: $OS_Type not supported. Exiting\"\n\t\texit 1\n\t\t;;\nesac\n\n\n# The outuput of the following shell command goes\n# in the OS log file. Typically /var/log/messages.\necho \"Exiting ${0}...\"\n\n# Delete this script from the OS-Volume temporary directory.\n#unlink $0\n\nEND\n\n# The output of the following echo command goes in \n# the OS-Volume Activity log file.\necho \"\\tAdd change_root_passwd and add_users scripts to RC file to run at boot time.\"\n\n# The following Image Streamer commands append lines\n# in the RC file already present in the Image Streamer.\n!echo \"/bin/bash /temp/change_root_passwd\" >> ./RC-FILE\n!echo \"/bin/bash /temp/add_users\" >> ./RC-FILE","customAttributes":null,"hpProvided":false,"dependentArtifacts":null}