{"type":"PlanScript","uri":null,"category":null,"eTag":null,"created":null,"modified":null,"id":"35112aed-aaa3-44ef-8898-b10133e6a7e8","name":"CleanupAfterCapture-CapturePS-HPE-Legacy","description":"Cleans up temporary directories and files created  during the Capture Golden Image process.","status":null,"state":null,"planType":"capture","content":"#################################################\n# CleanupAfterCapture-CapturePS-HPE-Legacy\n# Version: 0.5\n#################################################\n# (c) Copyright 2017 Hewlett Packard Enterprise Development LP\n#\n# Licensed under the Apache License, Version 2.0 (the \"License\");\n# you may not use this file except in compliance with the License.\n# You may obtain a copy of the License at http://www.apache.org/licenses/LICENSE-2.0\n#\n# Unless required by applicable law or agreed to in writing, software distributed\n# under the License is distributed on an \"AS IS\" BASIS, WITHOUT WARRANTIES OR\n# CONDITIONS OF ANY KIND, either express or implied. See the License for the\n# specific language governing permissions and limitations under the License.\n\n# The following 4 echo commands are executed by the guestfish shell.\n# Their output goes in the Golden Image Activity log file.\necho\necho \"=======================================\"\necho \"CleanupAfterCapture-CapturePS-HPE-Legacy\"\necho \"=======================================\"\n\n# The following echo command is executed by the guestfish shell\n# Its output goes in the OS-Volume Activity log.\n\n# The following echo commands is executed by the guestfish shell\n# Its output goes into the Golden Image Activity log.\necho \"Copy in the saved backup of original RC file into the Golden Image\"\n\n<!awk '/rhel/ || /centos/ || /xen/ {print \"upload ./RC-FILE.backup /etc/rc.d/rc.local.backup\"} ; /sles/ {print \"upload ./RC-FILE.backup /etc/init.d/after.local.backup\" }' ./OS-Type\n\n\n# The following 5 commands are executed by the guestfish shell.\n# Their output goes in the Golden Image Activity log file.\necho \"#### For debug purposes, this is the content of the rc.local file in the Golden Image\"\necho \"cat RC file\"\n!cat ./RC-FILE\necho\n\necho \"Removal of  the temporary directory created in the Golden Image\"\n# Uncomment the following line if you want guestfish to remove the entire\n# temporary directory created in the Golden Image.\n# rm-rf /temp/ImageStreamer","customAttributes":null,"hpProvided":false,"dependentArtifacts":null}