{"type":"PlanScript","uri":null,"category":null,"eTag":null,"created":null,"modified":null,"id":"d08a3ed3-bc49-4c2d-b786-873bde211c40","name":"LinuxManageSecurityServices-DeployPS-HPE-Legacy","description":"Enables or Disables security services. Successfully tested on RHEL 7.5, CentOS 7.5. \n\nToDo: Support of SLE 15. Investigate adaption to XenServer and Ubuntu","status":null,"state":null,"planType":"deploy","content":"# #################################################\n# LinuxManageSecurityServices-DeployPS-HPE-Legacy\n# Version: 0.5\n# #################################################\n# (c) Copyright 2017 Hewlett Packard Enterprise Development LP\n#\n# Licensed under the Apache License, Version 2.0 (the \"License\");\n# you may not use this file except in compliance with the License.\n# You may obtain a copy of the License at http://www.apache.org/licenses/LICENSE-2.0\n#\n# Unless required by applicable law or agreed to in writing, software distributed\n# under the License is distributed on an \"AS IS\" BASIS, WITHOUT WARRANTIES OR\n# CONDITIONS OF ANY KIND, either express or implied. See the License for the\n# specific language governing permissions and limitations under the License.\n\n# The following echo commands is executed by the guestfish shell\n# Its output will be written to the OS Volume Activity log file.\necho\necho \"=======================================\"\necho \"LinuxManageSecurityServices-DeployPS-HPE-Legacy\"\necho \"=======================================\"\n\n# Copy-out the OS-Volume /etc/selinux/config into the Image Streamer. Don't exit\n# if this file does not exists (the default on Ubuntu)\n-download /etc/selinux/config ./selinux_config\n\n# The following echo command is executed by the guestfish shell.\n# Its output is present in the OS-Volume Activity log file.\necho \"\\tCreate the script that will configure SELINUX during next reboot\"\n# This script is created in the OS-Volume\nupload -<<END /temp/ImageStreamer/Enable_Selinux\n#! /bin/bash\nsed -i '/SELINUX=.*/c\\SELINUX=@SELinux:disabled@' ./selinux_config\nsed -i '/SELINUXTYPE=.*/c\\SELINUXTYPE=@SELinuxType:targeted@' ./selinux_config\necho -e \"\\tExiting selinux_config\"\nexit 0\nEND\n\n# Copy-out to the Image Streamer the above script.\ndownload /temp/ImageStreamer/Enable_Selinux ./Enable_Selinux\n# Ask the Image Streamer to execute the above script that modifies \n# the SELINUX configuration file.\n!source ./Enable_Selinux\n# Copy-in the new SELINUX config file into the OS-Volume.\n# ToDo: Don't copy it if it was not existing (i.e. Ubuntu)\n-upload ./selinux_config /etc/selinux/config\n\n# The following echo command will be performed by the Image Streamer. \n# Its output will be written in the OS Volume Activity/log file.\necho \"\\tPopulate the RC file to disable and stop firewalld service during next boot\"\n\n# ToDo: Add some flexibility to the firewalld service: Enable and start...\n# ToDo: Adapt for Ubuntu and its ufw (ufw disable)\n\n# The following 3 echo commands will be performed by the Image Streamer.\n# Their output will be appended to the RC file of the image Streamer.\n!echo 'echo \"Disable and stop firewalld\"' >>./RC-FILE\n!echo \"systemctl disable firewalld.service\" >> ./RC-FILE\n!echo \"service firewalld stop\" >> ./RC-FILE\n\n# The following echo command is performed by the guestfish shell.\n# Its output is present in the OS-Volume Activity log file.\necho \"\\tPopulate the RC file to enable and start or disable and stop the sshd.service during next reboot\"\n\n# Create a bash script in the OS-Volume to manage the ssh service\n# ToDo: adapt if ssh server has not been installed.\nupload -<<END /temp/ImageStreamer/ssh_service\n#! /bin/bash\necho -e \"\\tEntering ssh_service\"\nssh=@SSH:Enabled@\nif [ $ssh == Enabled ]\nthen\necho 'echo \"Enable and restart sshd\"' >> ./RC-FILE\necho \"systemctl enable sshd.service\" >> ./RC-FILE\necho \"service sshd restart\" >> ./RC-FILE\nelse\necho 'echo \"Disable and stop sshd\"' >> ./RC-FILE\necho \"systemctl disable sshd.service\" >> ./RC-FILE\necho \"systemctl stop sshd\" >> ./RC-FILE\nfi\nexit 0\nEND\n\n# Copy-out toward the Image Streamer the above script.\ndownload /temp/ImageStreamer/ssh_service ./ssh_service\n\n# Ask the Image Streamer shell to execute the above script\n# that will append systemctl commands to the RC file \n# already present in the Image Streamer.\n!source ./ssh_service\n\n#\n# Change the name of the ISCSI initiator to reflect the name assigned by Oneview.\n# The next version of Oneview will have an attribute to do the same offline\n#\n\n# Create a bash script in the OS-Volume\nupload -<<END /temp/set_iscsi_initiator\n#! /bin/bash\necho \"Entering ${0}...\"\niname=$(cat /sys/firmware/ibft/initiator/initiator-name)\necho InitiatorName=$iname > /etc/iscsi/initiatorname.iscsi\necho \"Exting ${0}...\"\nunlink $0\nEND\n\n# The following echo command is performed by the guestfish shell.\n# Its output is present in the OS-Volume Activity log file.\necho \"\\tPopulate the RC-FILE to fix iSCSI initiator issue during next boot.\"\n\n# The following 4 echo commands are performed by the Image Streamer shell.\n# Their output is appended to the RC file already present in the Image Streamer.\n!echo 'echo \"Fix iSCSI initiator\"' >> ./RC-FILE\n!echo \"/bin/bash /temp/set_iscsi_initiator\" >> ./RC-FILE\n!echo \"service iscsid restart\" >> ./RC-FILE\n!echo \"sleep 2\" >> ./RC-FILE\n# ToDo: Use systemctl to manage the iscsid service. Check whether the service is really active!","customAttributes":null,"hpProvided":false,"dependentArtifacts":null}