{"type":"PlanScript","uri":null,"category":null,"eTag":null,"created":null,"modified":null,"id":"edfc5785-8355-48d3-9b00-516db55d175f","name":"XenConfigureManagementNetworkNoBond-DeployPS-HPE-Legacy","description":"XenServer simple management network configuration. No bond.","status":null,"state":null,"planType":"deploy","content":"# ##########################################\n# XenConfigureManagementNetworkNoBond-DeployPS-HPE-Legacy\n# Version: 0.3\n# ##########################################\n\n\n# (c) Copyright 2017 Hewlett Packard Enterprise Development LP\n#\n# Licensed under the Apache License, Version 2.0 (the \"License\");\n# you may not use this file except in compliance with the License.\n# You may obtain a copy of the License at http://www.apache.org/licenses/LICENSE-2.0\n#\n# Unless required by applicable law or agreed to in writing, software distributed\n# under the License is distributed on an \"AS IS\" BASIS, WITHOUT WARRANTIES OR\n# CONDITIONS OF ANY KIND, either express or implied. See the License for the\n# specific language governing permissions and limitations under the License.\n\n# NOTE: The output of guestfish commands goes to the OS-Volume\n# Activity log file ONLY if the first mount command is successful.\n# If the first mount command fails, you must check the\n# Image Streamer Activity log file to understand why\n# the first mount command failed.\n\n\n# The output of the following guestfish echo commands goes \n# into the OS-Volume Activity log file.\necho \"=================================================\"\necho \"XenConfigureManagementNetworkNoBond-DeployPS-HPE-Legacy\"\necho \"=================================================\"\necho\n\n# The following echo command is performed by the guestfish shell.\n# Its output is present in the OS-Volume Activity log file.\necho \"\\tPrepare the xenetwork configuration file to be executed at next reboot\" \n\n# The following upload command creates a bash script in the OS-Volume.\n# This script will be called at next reboot by the RC file\n# It configures the NICs given its arguments of the command line ($1, $2...).\nupload -<<END /temp/xenetwork\n#! /bin/bash\necho -e \"\\tEntering /temp/xenetwork script ...\"\n\n# Use of Xensever xe commands to configure network and network bonds for management network\n# NOTE: Xenserver does not allow the management interface to have a VLAN tag. \nnet_ip=$1\nnet_gw=$2\nnet_domain=$3\ndns1=$4\ndns2=$5\nnetmask=$6\nnet_mac_1=$7\n \necho -e \"\\tWait for XenServer to be up before running xe commands\"\npif_uuid=\"\" \nwhile [ -z \"$pif_uuid\" ]\ndo\necho \"xenetwork: Waiting 10 seconds for XenServer to be up and running\"\nsleep 10\npif_uuid=$(xe pif-list MAC=$net_mac_1 2>/dev/null | awk '/^uuid/ {print $NF}')\ndone\n\nif [[ \"$net_ip\" =~ [0-9]*\\.[0-9]*\\.[0-9]*\\.[0-9]* ]]; then\n\t#pif_uuid=`xe pif-list MAC=$net_mac_1 | awk '/^uuid/ {print $NF}'`\n\techo -e \"\\tStatic network configuration\" \n         xe pif-reconfigure-ip uuid=$pif_uuid mode=static dns=$dns1,$dns2 ip=$net_ip gateway=$net_gw netmask=$netmask \n\t#xe pif-param-set uuid=$pif_uuid other-config:domain=$net_domain\n\t#xe host-management-reconfigure pif-uuid=$pif_uuid\nelse\n\t#pif_uuid=`xe pif-list MAC=$net_mac_1 | awk '/^uuid/ {print $NF}'`\n\techo -e \"\\tDHCP network configuration\"\n        xe pif-reconfigure-ip uuid=$pif_uuid mode=dhcp\n\t#xe pif-param-set uuid=$pif_uuid other-config:domain=$net_domain\n\t#xe host-management-reconfigure pif-uuid=$pif_uuid\t\nfi\n\necho -e \"\\tDomain configuration\"\nxe pif-param-set uuid=$pif_uuid other-config:domain=$net_domain\necho -e \"\\tHost Management reconfiguration\"\nxe host-management-reconfigure pif-uuid=$pif_uuid\n\necho -e \"\\tExiting /temp/xenetwork script ...\"\nexit 0\nEND\n\necho \"\\tCreating the /temp/network-configuration script in the OS-Volume\" \nupload -<<END /temp/network-configuration\n! /bin/bash\n\necho \"Entering /temp/network-configuration script ...\"\n\nif [[ \"@ManagementNIC1.ipaddress@\" =~ [0-9]*\\.[0-9]*\\.[0-9]*\\.[0-9]* ]]; then\n\techo \"/bin/bash /temp/xenetwork @ManagementNIC1.ipaddress@ @ManagementNIC1.gateway@ @ManagementNIC1.domain@ @ManagementNIC1.dns1@ @ManagementNIC1.dns2@ @ManagementNIC1.netmask@ @ManagementNIC1.mac@ \" >> ./RC-FILE\nelse\n\techo \"/bin/bash /temp/xenetwork 0 0 0 0 0 0 @ManagementNIC1.mac@ \" >> ./RC-FILE\nfi\n\t\n#echo \"rm -f /temp/xenetwork\" >> ./RC-FILE\necho \"Exiting /temp/network-configuration script ...\"\nexit 0\nEND\n\necho \"\\tTransferring the /temp/network-configuration script in the ImageStreamer\" \ndownload /temp/network-configuration ./network-configuration\n\n# The following !source command executes the just transferred bash script that will populate\n# the ./RC-FILE with the relevant invocation of the network configuration script. \necho \"\\t Execution of the ./network-configuration script\" \n!source ./network-configuration\n\necho","customAttributes":null,"hpProvided":false,"dependentArtifacts":null}