{"type":"OeBuildPlan","uri":null,"category":null,"eTag":null,"created":null,"modified":null,"buildPlanid":"54528d47-2cf3-4260-8f04-a7858a655fe2","name":"LinuxCapture-CaptureBP-HPE-UEFI","description":"Captures and creates Linux Golden Images without any OS generalization. Suitable for many Linux distros including RHEL7, CentOS7, XenServer7, Ubuntu 19.04, SLES12 and 15.","status":null,"hpProvided":false,"oeBuildPlanType":"capture","buildStep":[{"planScriptUri":"/rest/plan-scripts/66f5f3ff-0641-435d-866d-005df6b813e0","serialNumber":"1","parameters":null,"planScriptName":"MountUefiPartition-GeneralPS-HPE-UEFI"},{"planScriptUri":"/rest/plan-scripts/7591676a-6ba4-4380-8416-cd78607e229e","serialNumber":"2","parameters":null,"planScriptName":"PrepareForCapture-CapturePS-HPE-UEFI"},{"planScriptUri":"/rest/plan-scripts/417470fe-590b-4c86-b331-8cabb35b2a7e","serialNumber":"3","parameters":null,"planScriptName":"Unmount-GeneralPS-HPE-LegacyUefi"}],"customAttributes":[],"dependentArtifacts":null}