{"type":"PlanScript","uri":null,"category":null,"eTag":null,"created":null,"modified":null,"id":"7591676a-6ba4-4380-8416-cd78607e229e","name":"PrepareForCapture-CapturePS-HPE-UEFI","description":"Creates various directories in the guestfish mounted UEFI partition. This Plan Script should be called just after the Mount-capturePS plan script script.","status":null,"state":null,"planType":"capture","content":"# ############################################\n# PrepareForCapture-CapturePS-HPE-UEFI\n# Version: 0.4\n#############################################\n# (c) Copyright 2017 Hewlett Packard Enterprise Development LP\n#\n# Licensed under the Apache License, Version 2.0 (the \"License\");\n# you may not use this file except in compliance with the License.\n# You may obtain a copy of the License at http://www.apache.org/licenses/LICENSE-2.0\n#\n# Unless required by applicable law or agreed to in writing, software distributed\n# under the License is distributed on an \"AS IS\" BASIS, WITHOUT WARRANTIES OR\n# CONDITIONS OF ANY KIND, either express or implied. See the License for the\n# specific language governing permissions and limitations under the License.\n\n#The output of the following guestfish echo commands goes\n# into the Golden Image Activity log file.\necho\necho \"=======================================\"\necho \"PrepareForCapture-CapturePS-HPE-UEFI\"\necho \"=======================================\"\n\n\n# The output of the following guestfish command\n# goes in the OS-Volume/Golden Image Activity log file.\necho \"Create various directories in the UEFI partition to hold scripts, tmp files and data files during first boot of deployed system\"\n-mkdir-p /EFI/HPE/isdeploy/scripts\n-mkdir-p /EFI/HPE/isdeploy/tmp\n-mkdir-p /EFI/HPE/isdeploy/data\n\n# CentOS and XenServer need their bootloader in the /EFI/BOOT location.\n# As it is difficult to determine the exact OS flavor  we are capturing\n# (specially with btrfs and xfs), we just issue the copy commands and discard\n# the errors if we are not capturing the right OS. \necho \"Copy XenServer and CentOS booloaders to the /EFI/BOOT in the UEFI partition. An error will occur if we are not capturing the right OS\" \n-mkdir /EFI/BOOT\n-cp /EFI/xenserver/grubx64.efi /EFI/BOOT/bootx64.efi \n-cp /EFI/centos/grubx64.efi /EFI/BOOT/grubx64.efi\n\nupload -<<END /EFI/HPE/isdeploy/tmp/bootx64.cfg-for-XenServer\ndefault=0\ntimeout=2\ntitle Chainloader switch to Xenserver\n root (hd0,0)\n chainloader /EFI/XENSERVER/GRUBX64.EFI\nEND\n\n-mv /EFI/HPE/isdeploy/tmp/bootx64.cfg-for-XenServer /EFI/BOOT/bootx64.cfg","customAttributes":null,"hpProvided":false,"dependentArtifacts":null}