{"type":"OeBuildPlan","uri":null,"category":null,"eTag":null,"created":null,"modified":null,"buildPlanid":"0a04c128-14e9-495d-bc71-df518bdb22e8","name":"LinuxBasicDeploment-DeployBP-HPE-UEFI","description":"Deploys different Linux flavors with basic customization. Tested with RHEL7, CentOS7, SLES12 and 15, Ubuntu 19.04. Not suitable for XenServer.","status":null,"hpProvided":false,"oeBuildPlanType":"deploy","buildStep":[{"planScriptUri":"/rest/plan-scripts/66f5f3ff-0641-435d-866d-005df6b813e0","serialNumber":"1","parameters":null,"planScriptName":"MountUefiPartition-GeneralPS-HPE-UEFI"},{"planScriptUri":"/rest/plan-scripts/594e30bf-52f5-41be-ac5d-410f269a9352","serialNumber":"2","parameters":null,"planScriptName":"PrepareForDeployment-DeployPS-HPE-UEFI"},{"planScriptUri":"/rest/plan-scripts/bab69db5-9c16-4cb9-b3b1-5ad0f06d866b","serialNumber":"3","parameters":null,"planScriptName":"FinalizeDeployment-DeployPS-HPE-UEFI"},{"planScriptUri":"/rest/plan-scripts/417470fe-590b-4c86-b331-8cabb35b2a7e","serialNumber":"4","parameters":null,"planScriptName":"Unmount-GeneralPS-HPE-LegacyUefi"}],"customAttributes":[{"name":"OS_Type","description":"","value":"centos","constraints":"{}","type":"string"}],"dependentArtifacts":null}