{"type":"PlanScript","uri":null,"category":null,"eTag":null,"created":null,"modified":null,"id":"bab69db5-9c16-4cb9-b3b1-5ad0f06d866b","name":"FinalizeDeployment-DeployPS-HPE-UEFI","description":"Clean up the RC-FILE to avoid errors upon each reboot of the deployed server.","status":null,"state":null,"planType":"deploy","content":"#################################################\n# FinalizeDeployment-DeployPS-HPE-UEFI\n# Version: 0.3\n#################################################\n# (c) Copyright 2017 Hewlett Packard Enterprise Development LP\n#\n# Licensed under the Apache License, Version 2.0 (the \"License\");\n# you may not use this file except in compliance with the License.\n# You may obtain a copy of the License at http://www.apache.org/licenses/LICENSE-2.0\n#\n# Unless required by applicable law or agreed to in writing, software distributed\n# under the License is distributed on an \"AS IS\" BASIS, WITHOUT WARRANTIES OR\n# CONDITIONS OF ANY KIND, either express or implied. See the License for the\n# specific language governing permissions and limitations under the License.\n\n# The following 4 echo commands are executed by the guestfish shell.\n# Their output goes in the OS-Volume Activity log file.\necho\necho \"=======================================\"\necho \"PrepareForDeployment-DeployPS-HPE-UEFI\"\necho \"=======================================\"\necho \" Program the restore of the original RC file as last line of the ImageStreamer modified RC file\"\n\n\nupload -<<END /EFI/HPE/isdeploy/scripts/ZZZ-FinalizeDeployment.bash\n#!/bin/bash\n# This script was loaded by HPE Image Streamer\n#\n# It cleans the RC-FILE when no errors encountered\n# during the first reboot\n\n#\n# Redirect logs into the caller's log file\nexec 1> >(logger -s -t $(basename $0)) 2>&1\n\n# Determine RC-FILE\nOS_Type=$(cat /boot/efi/EFI/HPE/isdeploy/data/OS-Type)\n\ncase $OS_Type in\n        rhel|centos|xen*)\n                RC_FILE=\"/etc/rc.d/rc.local\"\n                ;;\n        ubuntu)\n                RC_FILE=\"/etc/rc.local\"\n                ;;\n        sle*)\n                RC_FILE=\"/etc/rc.d/after.local\"\n                ;;\n        *)\n                echo \"OS Type: $OS_Type not supported\"\n                echo \"exiting...\"\n                exit 1\n                ;;\nesac\n\n\n# Remove the wrapper launch from the RC_FILE\nsed -i -e '/^.*sh .boot.*Streamer.bash/d' $RC_FILE || exit 2\n\nexit 0\nEND","customAttributes":null,"hpProvided":false,"dependentArtifacts":null}